source_id,evidence_tier,dataset_role,evaluated_split,dataset,task,family,family_label,scenario,channel_setting,target_view,target_slots,variant,seed,accuracy,macro_f1,zero_recall_count,num_classes,n_samples
v2a_seed42_development,development,laboratory,target_dev_only,waterpump,WP-S0,same_condition_cross_sensor,same-condition cross-sensor,3-to-3 / same-condition cross-sensor,3-to-3,all3,"0,1,2",common_anchor_control,42,0.634666666667,0.613842303722,0,5,750
v2a_seed42_development,development,laboratory,target_dev_only,waterpump,WP-S0,same_condition_cross_sensor,same-condition cross-sensor,3-to-3 / same-condition cross-sensor,3-to-3,all3,"0,1,2",channel_robust_alignment_v2a,42,0.632,0.610211980877,0,5,750
v2a_seed42_development,development,laboratory,target_dev_only,waterpump,WP-S0,same_condition_cross_sensor,same-condition cross-sensor,3-to-1 / same-condition cross-sensor,3-to-1,slot0,0,common_anchor_control,42,0.654666666667,0.635810185993,0,5,750
v2a_seed42_development,development,laboratory,target_dev_only,waterpump,WP-S0,same_condition_cross_sensor,same-condition cross-sensor,3-to-1 / same-condition cross-sensor,3-to-1,slot0,0,channel_robust_alignment_v2a,42,0.668,0.647829322978,0,5,750
v2a_seed42_development,development,laboratory,target_dev_only,waterpump,WP-S0,same_condition_cross_sensor,same-condition cross-sensor,3-to-1 / same-condition cross-sensor,3-to-1,slot1,1,common_anchor_control,42,0.529333333333,0.519825618699,0,5,750
v2a_seed42_development,development,laboratory,target_dev_only,waterpump,WP-S0,same_condition_cross_sensor,same-condition cross-sensor,3-to-1 / same-condition cross-sensor,3-to-1,slot1,1,channel_robust_alignment_v2a,42,0.492,0.497050057198,0,5,750
v2a_seed42_development,development,laboratory,target_dev_only,waterpump,WP-S0,same_condition_cross_sensor,same-condition cross-sensor,3-to-1 / same-condition cross-sensor,3-to-1,slot2,2,common_anchor_control,42,0.649333333333,0.619028248033,0,5,750
v2a_seed42_development,development,laboratory,target_dev_only,waterpump,WP-S0,same_condition_cross_sensor,same-condition cross-sensor,3-to-1 / same-condition cross-sensor,3-to-1,slot2,2,channel_robust_alignment_v2a,42,0.665333333333,0.629727158986,0,5,750
v2a_seed42_development,development,laboratory,target_dev_only,waterpump,WP-D1,cross_sensor_and_condition,double-cross,3-to-3 / double-cross,3-to-3,all3,"0,1,2",common_anchor_control,42,0.316,0.297138130687,2,5,750
v2a_seed42_development,development,laboratory,target_dev_only,waterpump,WP-D1,cross_sensor_and_condition,double-cross,3-to-3 / double-cross,3-to-3,all3,"0,1,2",channel_robust_alignment_v2a,42,0.332,0.309689691407,2,5,750
v2a_seed42_development,development,laboratory,target_dev_only,waterpump,WP-D1,cross_sensor_and_condition,double-cross,3-to-1 / double-cross,3-to-1,slot0,0,common_anchor_control,42,0.445333333333,0.386245496654,0,5,750
v2a_seed42_development,development,laboratory,target_dev_only,waterpump,WP-D1,cross_sensor_and_condition,double-cross,3-to-1 / double-cross,3-to-1,slot0,0,channel_robust_alignment_v2a,42,0.330666666667,0.301809250164,0,5,750
v2a_seed42_development,development,laboratory,target_dev_only,waterpump,WP-D1,cross_sensor_and_condition,double-cross,3-to-1 / double-cross,3-to-1,slot1,1,common_anchor_control,42,0.213333333333,0.236661940324,1,5,750
v2a_seed42_development,development,laboratory,target_dev_only,waterpump,WP-D1,cross_sensor_and_condition,double-cross,3-to-1 / double-cross,3-to-1,slot1,1,channel_robust_alignment_v2a,42,0.248,0.258454947466,1,5,750
v2a_seed42_development,development,laboratory,target_dev_only,waterpump,WP-D1,cross_sensor_and_condition,double-cross,3-to-1 / double-cross,3-to-1,slot2,2,common_anchor_control,42,0.186666666667,0.195043930428,0,5,750
v2a_seed42_development,development,laboratory,target_dev_only,waterpump,WP-D1,cross_sensor_and_condition,double-cross,3-to-1 / double-cross,3-to-1,slot2,2,channel_robust_alignment_v2a,42,0.146666666667,0.15489224331,2,5,750
v2a_seed42_development,development,laboratory,target_dev_only,gearbox,PG-S1,same_condition_cross_sensor,same-condition cross-sensor,3-to-3 / same-condition cross-sensor,3-to-3,all3,"0,1,2",common_anchor_control,42,0.71,0.720686986077,0,4,100
v2a_seed42_development,development,laboratory,target_dev_only,gearbox,PG-S1,same_condition_cross_sensor,same-condition cross-sensor,3-to-3 / same-condition cross-sensor,3-to-3,all3,"0,1,2",channel_robust_alignment_v2a,42,0.71,0.720686986077,0,4,100
v2a_seed42_development,development,laboratory,target_dev_only,gearbox,PG-S1,same_condition_cross_sensor,same-condition cross-sensor,3-to-1 / same-condition cross-sensor,3-to-1,slot0,0,common_anchor_control,42,0.76,0.761773645628,0,4,100
v2a_seed42_development,development,laboratory,target_dev_only,gearbox,PG-S1,same_condition_cross_sensor,same-condition cross-sensor,3-to-1 / same-condition cross-sensor,3-to-1,slot0,0,channel_robust_alignment_v2a,42,0.8,0.796529626343,0,4,100
v2a_seed42_development,development,laboratory,target_dev_only,gearbox,PG-S1,same_condition_cross_sensor,same-condition cross-sensor,3-to-1 / same-condition cross-sensor,3-to-1,slot1,1,common_anchor_control,42,0.5,0.475057637492,0,4,100
v2a_seed42_development,development,laboratory,target_dev_only,gearbox,PG-S1,same_condition_cross_sensor,same-condition cross-sensor,3-to-1 / same-condition cross-sensor,3-to-1,slot1,1,channel_robust_alignment_v2a,42,0.52,0.507036133435,0,4,100
v2a_seed42_development,development,laboratory,target_dev_only,gearbox,PG-S1,same_condition_cross_sensor,same-condition cross-sensor,3-to-1 / same-condition cross-sensor,3-to-1,slot2,2,common_anchor_control,42,0.28,0.2995951417,0,4,100
v2a_seed42_development,development,laboratory,target_dev_only,gearbox,PG-S1,same_condition_cross_sensor,same-condition cross-sensor,3-to-1 / same-condition cross-sensor,3-to-1,slot2,2,channel_robust_alignment_v2a,42,0.33,0.335020242915,0,4,100
v2a_seed42_development,development,laboratory,target_dev_only,gearbox,PG-D1,cross_sensor_and_condition,double-cross,3-to-3 / double-cross,3-to-3,all3,"0,1,2",common_anchor_control,42,0.62,0.588628985292,0,4,100
v2a_seed42_development,development,laboratory,target_dev_only,gearbox,PG-D1,cross_sensor_and_condition,double-cross,3-to-3 / double-cross,3-to-3,all3,"0,1,2",channel_robust_alignment_v2a,42,0.62,0.588628985292,0,4,100
v2a_seed42_development,development,laboratory,target_dev_only,gearbox,PG-D1,cross_sensor_and_condition,double-cross,3-to-1 / double-cross,3-to-1,slot0,0,common_anchor_control,42,0.42,0.391814229573,0,4,100
v2a_seed42_development,development,laboratory,target_dev_only,gearbox,PG-D1,cross_sensor_and_condition,double-cross,3-to-1 / double-cross,3-to-1,slot0,0,channel_robust_alignment_v2a,42,0.39,0.351743533094,0,4,100
v2a_seed42_development,development,laboratory,target_dev_only,gearbox,PG-D1,cross_sensor_and_condition,double-cross,3-to-1 / double-cross,3-to-1,slot1,1,common_anchor_control,42,0.59,0.580524193548,0,4,100
v2a_seed42_development,development,laboratory,target_dev_only,gearbox,PG-D1,cross_sensor_and_condition,double-cross,3-to-1 / double-cross,3-to-1,slot1,1,channel_robust_alignment_v2a,42,0.57,0.5525,1,4,100
v2a_seed42_development,development,laboratory,target_dev_only,gearbox,PG-D1,cross_sensor_and_condition,double-cross,3-to-1 / double-cross,3-to-1,slot2,2,common_anchor_control,42,0.72,0.71312129503,0,4,100
v2a_seed42_development,development,laboratory,target_dev_only,gearbox,PG-D1,cross_sensor_and_condition,double-cross,3-to-1 / double-cross,3-to-1,slot2,2,channel_robust_alignment_v2a,42,0.72,0.71312129503,0,4,100
v4_frozen_reference_development,development,laboratory,target_dev_only,waterpump,WP-S0,same_condition_cross_sensor,same-condition cross-sensor,3-to-3 / same-condition cross-sensor,3-to-3,all3,"0,1,2",matched_control,42,0.689333333333,0.671259237917,0,5,750
v4_frozen_reference_development,development,laboratory,target_dev_only,waterpump,WP-S0,same_condition_cross_sensor,same-condition cross-sensor,3-to-3 / same-condition cross-sensor,3-to-3,all3,"0,1,2",channel_robust_alignment_v1,42,0.622666666667,0.601482226742,0,5,750
v4_frozen_reference_development,development,laboratory,target_dev_only,waterpump,WP-S0,same_condition_cross_sensor,same-condition cross-sensor,3-to-1 / same-condition cross-sensor,3-to-1,slot0,0,matched_control,42,0.650666666667,0.637814583359,0,5,750
v4_frozen_reference_development,development,laboratory,target_dev_only,waterpump,WP-S0,same_condition_cross_sensor,same-condition cross-sensor,3-to-1 / same-condition cross-sensor,3-to-1,slot0,0,channel_robust_alignment_v1,42,0.618666666667,0.595688109163,0,5,750
v4_frozen_reference_development,development,laboratory,target_dev_only,waterpump,WP-S0,same_condition_cross_sensor,same-condition cross-sensor,3-to-1 / same-condition cross-sensor,3-to-1,slot1,1,matched_control,42,0.586666666667,0.570363380672,0,5,750
v4_frozen_reference_development,development,laboratory,target_dev_only,waterpump,WP-S0,same_condition_cross_sensor,same-condition cross-sensor,3-to-1 / same-condition cross-sensor,3-to-1,slot1,1,channel_robust_alignment_v1,42,0.489333333333,0.48091165318,0,5,750
v4_frozen_reference_development,development,laboratory,target_dev_only,waterpump,WP-S0,same_condition_cross_sensor,same-condition cross-sensor,3-to-1 / same-condition cross-sensor,3-to-1,slot2,2,matched_control,42,0.624,0.603960375244,0,5,750
v4_frozen_reference_development,development,laboratory,target_dev_only,waterpump,WP-S0,same_condition_cross_sensor,same-condition cross-sensor,3-to-1 / same-condition cross-sensor,3-to-1,slot2,2,channel_robust_alignment_v1,42,0.641333333333,0.613004358797,0,5,750
v4_frozen_reference_development,development,laboratory,target_dev_only,waterpump,WP-D1,cross_sensor_and_condition,double-cross,3-to-3 / double-cross,3-to-3,all3,"0,1,2",matched_control,42,0.386666666667,0.342902445174,1,5,750
v4_frozen_reference_development,development,laboratory,target_dev_only,waterpump,WP-D1,cross_sensor_and_condition,double-cross,3-to-3 / double-cross,3-to-3,all3,"0,1,2",channel_robust_alignment_v1,42,0.305333333333,0.286988209003,2,5,750
v4_frozen_reference_development,development,laboratory,target_dev_only,waterpump,WP-D1,cross_sensor_and_condition,double-cross,3-to-1 / double-cross,3-to-1,slot0,0,matched_control,42,0.444,0.391389846092,0,5,750
v4_frozen_reference_development,development,laboratory,target_dev_only,waterpump,WP-D1,cross_sensor_and_condition,double-cross,3-to-1 / double-cross,3-to-1,slot0,0,channel_robust_alignment_v1,42,0.424,0.354860410068,0,5,750
v4_frozen_reference_development,development,laboratory,target_dev_only,waterpump,WP-D1,cross_sensor_and_condition,double-cross,3-to-1 / double-cross,3-to-1,slot1,1,matched_control,42,0.268,0.295513340078,1,5,750
v4_frozen_reference_development,development,laboratory,target_dev_only,waterpump,WP-D1,cross_sensor_and_condition,double-cross,3-to-1 / double-cross,3-to-1,slot1,1,channel_robust_alignment_v1,42,0.221333333333,0.236177988181,1,5,750
v4_frozen_reference_development,development,laboratory,target_dev_only,waterpump,WP-D1,cross_sensor_and_condition,double-cross,3-to-1 / double-cross,3-to-1,slot2,2,matched_control,42,0.273333333333,0.275331051311,0,5,750
v4_frozen_reference_development,development,laboratory,target_dev_only,waterpump,WP-D1,cross_sensor_and_condition,double-cross,3-to-1 / double-cross,3-to-1,slot2,2,channel_robust_alignment_v1,42,0.130666666667,0.145677818401,1,5,750
v4_frozen_reference_development,development,laboratory,target_dev_only,gearbox,PG-S1,same_condition_cross_sensor,same-condition cross-sensor,3-to-3 / same-condition cross-sensor,3-to-3,all3,"0,1,2",matched_control,42,0.42,0.357060185185,2,4,100
v4_frozen_reference_development,development,laboratory,target_dev_only,gearbox,PG-S1,same_condition_cross_sensor,same-condition cross-sensor,3-to-3 / same-condition cross-sensor,3-to-3,all3,"0,1,2",channel_robust_alignment_v1,42,0.77,0.768151260504,0,4,100
v4_frozen_reference_development,development,laboratory,target_dev_only,gearbox,PG-S1,same_condition_cross_sensor,same-condition cross-sensor,3-to-1 / same-condition cross-sensor,3-to-1,slot0,0,matched_control,42,0.44,0.362162162162,2,4,100
v4_frozen_reference_development,development,laboratory,target_dev_only,gearbox,PG-S1,same_condition_cross_sensor,same-condition cross-sensor,3-to-1 / same-condition cross-sensor,3-to-1,slot0,0,channel_robust_alignment_v1,42,0.68,0.66531868758,0,4,100
v4_frozen_reference_development,development,laboratory,target_dev_only,gearbox,PG-S1,same_condition_cross_sensor,same-condition cross-sensor,3-to-1 / same-condition cross-sensor,3-to-1,slot1,1,matched_control,42,0.36,0.305499325236,2,4,100
v4_frozen_reference_development,development,laboratory,target_dev_only,gearbox,PG-S1,same_condition_cross_sensor,same-condition cross-sensor,3-to-1 / same-condition cross-sensor,3-to-1,slot1,1,channel_robust_alignment_v1,42,0.48,0.463193470469,0,4,100
v4_frozen_reference_development,development,laboratory,target_dev_only,gearbox,PG-S1,same_condition_cross_sensor,same-condition cross-sensor,3-to-1 / same-condition cross-sensor,3-to-1,slot2,2,matched_control,42,0.18,0.15697586727,1,4,100
v4_frozen_reference_development,development,laboratory,target_dev_only,gearbox,PG-S1,same_condition_cross_sensor,same-condition cross-sensor,3-to-1 / same-condition cross-sensor,3-to-1,slot2,2,channel_robust_alignment_v1,42,0.38,0.369428658826,0,4,100
v4_frozen_reference_development,development,laboratory,target_dev_only,gearbox,PG-D1,cross_sensor_and_condition,double-cross,3-to-3 / double-cross,3-to-3,all3,"0,1,2",matched_control,42,0.66,0.598390739695,1,4,100
v4_frozen_reference_development,development,laboratory,target_dev_only,gearbox,PG-D1,cross_sensor_and_condition,double-cross,3-to-3 / double-cross,3-to-3,all3,"0,1,2",channel_robust_alignment_v1,42,0.59,0.561228749241,1,4,100
v4_frozen_reference_development,development,laboratory,target_dev_only,gearbox,PG-D1,cross_sensor_and_condition,double-cross,3-to-1 / double-cross,3-to-1,slot0,0,matched_control,42,0.39,0.368026355715,1,4,100
v4_frozen_reference_development,development,laboratory,target_dev_only,gearbox,PG-D1,cross_sensor_and_condition,double-cross,3-to-1 / double-cross,3-to-1,slot0,0,channel_robust_alignment_v1,42,0.5,0.495098039216,2,4,100
v4_frozen_reference_development,development,laboratory,target_dev_only,gearbox,PG-D1,cross_sensor_and_condition,double-cross,3-to-1 / double-cross,3-to-1,slot1,1,matched_control,42,0.62,0.562810720419,1,4,100
v4_frozen_reference_development,development,laboratory,target_dev_only,gearbox,PG-D1,cross_sensor_and_condition,double-cross,3-to-1 / double-cross,3-to-1,slot1,1,channel_robust_alignment_v1,42,0.53,0.528301886792,1,4,100
v4_frozen_reference_development,development,laboratory,target_dev_only,gearbox,PG-D1,cross_sensor_and_condition,double-cross,3-to-1 / double-cross,3-to-1,slot2,2,matched_control,42,0.68,0.6295995671,0,4,100
v4_frozen_reference_development,development,laboratory,target_dev_only,gearbox,PG-D1,cross_sensor_and_condition,double-cross,3-to-1 / double-cross,3-to-1,slot2,2,channel_robust_alignment_v1,42,0.71,0.704188948307,0,4,100
