evidence_tier,dataset_role,dataset,task,family,family_label,scenario,channel_setting,target_view,target_slots,variant,n_observations,n_model_seeds,accuracy_mean,accuracy_sd,macro_f1_mean,macro_f1_sd,runs_with_zero_recall,zero_recall_classes_mean,zero_recall_classes_max
development,laboratory,gearbox,PG-D1,cross_sensor_and_condition,double-cross,3-to-1 / double-cross,3-to-1,slot0,0,channel_robust_alignment_v1,1,1,0.5,,0.495098039216,,1,2,2
development,laboratory,gearbox,PG-D1,cross_sensor_and_condition,double-cross,3-to-1 / double-cross,3-to-1,slot0,0,channel_robust_alignment_v2a,1,1,0.39,,0.351743533094,,0,0,0
development,laboratory,gearbox,PG-D1,cross_sensor_and_condition,double-cross,3-to-1 / double-cross,3-to-1,slot0,0,common_anchor_control,1,1,0.42,,0.391814229573,,0,0,0
development,laboratory,gearbox,PG-D1,cross_sensor_and_condition,double-cross,3-to-1 / double-cross,3-to-1,slot0,0,matched_control,1,1,0.39,,0.368026355715,,1,1,1
development,laboratory,gearbox,PG-D1,cross_sensor_and_condition,double-cross,3-to-1 / double-cross,3-to-1,slot1,1,channel_robust_alignment_v1,1,1,0.53,,0.528301886792,,1,1,1
development,laboratory,gearbox,PG-D1,cross_sensor_and_condition,double-cross,3-to-1 / double-cross,3-to-1,slot1,1,channel_robust_alignment_v2a,1,1,0.57,,0.5525,,1,1,1
development,laboratory,gearbox,PG-D1,cross_sensor_and_condition,double-cross,3-to-1 / double-cross,3-to-1,slot1,1,common_anchor_control,1,1,0.59,,0.580524193548,,0,0,0
development,laboratory,gearbox,PG-D1,cross_sensor_and_condition,double-cross,3-to-1 / double-cross,3-to-1,slot1,1,matched_control,1,1,0.62,,0.562810720419,,1,1,1
development,laboratory,gearbox,PG-D1,cross_sensor_and_condition,double-cross,3-to-1 / double-cross,3-to-1,slot2,2,channel_robust_alignment_v1,1,1,0.71,,0.704188948307,,0,0,0
development,laboratory,gearbox,PG-D1,cross_sensor_and_condition,double-cross,3-to-1 / double-cross,3-to-1,slot2,2,channel_robust_alignment_v2a,1,1,0.72,,0.71312129503,,0,0,0
development,laboratory,gearbox,PG-D1,cross_sensor_and_condition,double-cross,3-to-1 / double-cross,3-to-1,slot2,2,common_anchor_control,1,1,0.72,,0.71312129503,,0,0,0
development,laboratory,gearbox,PG-D1,cross_sensor_and_condition,double-cross,3-to-1 / double-cross,3-to-1,slot2,2,matched_control,1,1,0.68,,0.6295995671,,0,0,0
development,laboratory,gearbox,PG-D1,cross_sensor_and_condition,double-cross,3-to-3 / double-cross,3-to-3,all3,"0,1,2",channel_robust_alignment_v1,1,1,0.59,,0.561228749241,,1,1,1
development,laboratory,gearbox,PG-D1,cross_sensor_and_condition,double-cross,3-to-3 / double-cross,3-to-3,all3,"0,1,2",channel_robust_alignment_v2a,1,1,0.62,,0.588628985292,,0,0,0
development,laboratory,gearbox,PG-D1,cross_sensor_and_condition,double-cross,3-to-3 / double-cross,3-to-3,all3,"0,1,2",common_anchor_control,1,1,0.62,,0.588628985292,,0,0,0
development,laboratory,gearbox,PG-D1,cross_sensor_and_condition,double-cross,3-to-3 / double-cross,3-to-3,all3,"0,1,2",matched_control,1,1,0.66,,0.598390739695,,1,1,1
development,laboratory,gearbox,PG-S1,same_condition_cross_sensor,same-condition cross-sensor,3-to-1 / same-condition cross-sensor,3-to-1,slot0,0,channel_robust_alignment_v1,1,1,0.68,,0.66531868758,,0,0,0
development,laboratory,gearbox,PG-S1,same_condition_cross_sensor,same-condition cross-sensor,3-to-1 / same-condition cross-sensor,3-to-1,slot0,0,channel_robust_alignment_v2a,1,1,0.8,,0.796529626343,,0,0,0
development,laboratory,gearbox,PG-S1,same_condition_cross_sensor,same-condition cross-sensor,3-to-1 / same-condition cross-sensor,3-to-1,slot0,0,common_anchor_control,1,1,0.76,,0.761773645628,,0,0,0
development,laboratory,gearbox,PG-S1,same_condition_cross_sensor,same-condition cross-sensor,3-to-1 / same-condition cross-sensor,3-to-1,slot0,0,matched_control,1,1,0.44,,0.362162162162,,1,2,2
development,laboratory,gearbox,PG-S1,same_condition_cross_sensor,same-condition cross-sensor,3-to-1 / same-condition cross-sensor,3-to-1,slot1,1,channel_robust_alignment_v1,1,1,0.48,,0.463193470469,,0,0,0
development,laboratory,gearbox,PG-S1,same_condition_cross_sensor,same-condition cross-sensor,3-to-1 / same-condition cross-sensor,3-to-1,slot1,1,channel_robust_alignment_v2a,1,1,0.52,,0.507036133435,,0,0,0
development,laboratory,gearbox,PG-S1,same_condition_cross_sensor,same-condition cross-sensor,3-to-1 / same-condition cross-sensor,3-to-1,slot1,1,common_anchor_control,1,1,0.5,,0.475057637492,,0,0,0
development,laboratory,gearbox,PG-S1,same_condition_cross_sensor,same-condition cross-sensor,3-to-1 / same-condition cross-sensor,3-to-1,slot1,1,matched_control,1,1,0.36,,0.305499325236,,1,2,2
development,laboratory,gearbox,PG-S1,same_condition_cross_sensor,same-condition cross-sensor,3-to-1 / same-condition cross-sensor,3-to-1,slot2,2,channel_robust_alignment_v1,1,1,0.38,,0.369428658826,,0,0,0
development,laboratory,gearbox,PG-S1,same_condition_cross_sensor,same-condition cross-sensor,3-to-1 / same-condition cross-sensor,3-to-1,slot2,2,channel_robust_alignment_v2a,1,1,0.33,,0.335020242915,,0,0,0
development,laboratory,gearbox,PG-S1,same_condition_cross_sensor,same-condition cross-sensor,3-to-1 / same-condition cross-sensor,3-to-1,slot2,2,common_anchor_control,1,1,0.28,,0.2995951417,,0,0,0
development,laboratory,gearbox,PG-S1,same_condition_cross_sensor,same-condition cross-sensor,3-to-1 / same-condition cross-sensor,3-to-1,slot2,2,matched_control,1,1,0.18,,0.15697586727,,1,1,1
development,laboratory,gearbox,PG-S1,same_condition_cross_sensor,same-condition cross-sensor,3-to-3 / same-condition cross-sensor,3-to-3,all3,"0,1,2",channel_robust_alignment_v1,1,1,0.77,,0.768151260504,,0,0,0
development,laboratory,gearbox,PG-S1,same_condition_cross_sensor,same-condition cross-sensor,3-to-3 / same-condition cross-sensor,3-to-3,all3,"0,1,2",channel_robust_alignment_v2a,1,1,0.71,,0.720686986077,,0,0,0
development,laboratory,gearbox,PG-S1,same_condition_cross_sensor,same-condition cross-sensor,3-to-3 / same-condition cross-sensor,3-to-3,all3,"0,1,2",common_anchor_control,1,1,0.71,,0.720686986077,,0,0,0
development,laboratory,gearbox,PG-S1,same_condition_cross_sensor,same-condition cross-sensor,3-to-3 / same-condition cross-sensor,3-to-3,all3,"0,1,2",matched_control,1,1,0.42,,0.357060185185,,1,2,2
development,laboratory,waterpump,WP-D1,cross_sensor_and_condition,double-cross,3-to-1 / double-cross,3-to-1,slot0,0,channel_robust_alignment_v1,1,1,0.424,,0.354860410068,,0,0,0
development,laboratory,waterpump,WP-D1,cross_sensor_and_condition,double-cross,3-to-1 / double-cross,3-to-1,slot0,0,channel_robust_alignment_v2a,1,1,0.330666666667,,0.301809250164,,0,0,0
development,laboratory,waterpump,WP-D1,cross_sensor_and_condition,double-cross,3-to-1 / double-cross,3-to-1,slot0,0,common_anchor_control,1,1,0.445333333333,,0.386245496654,,0,0,0
development,laboratory,waterpump,WP-D1,cross_sensor_and_condition,double-cross,3-to-1 / double-cross,3-to-1,slot0,0,matched_control,1,1,0.444,,0.391389846092,,0,0,0
development,laboratory,waterpump,WP-D1,cross_sensor_and_condition,double-cross,3-to-1 / double-cross,3-to-1,slot1,1,channel_robust_alignment_v1,1,1,0.221333333333,,0.236177988181,,1,1,1
development,laboratory,waterpump,WP-D1,cross_sensor_and_condition,double-cross,3-to-1 / double-cross,3-to-1,slot1,1,channel_robust_alignment_v2a,1,1,0.248,,0.258454947466,,1,1,1
development,laboratory,waterpump,WP-D1,cross_sensor_and_condition,double-cross,3-to-1 / double-cross,3-to-1,slot1,1,common_anchor_control,1,1,0.213333333333,,0.236661940324,,1,1,1
development,laboratory,waterpump,WP-D1,cross_sensor_and_condition,double-cross,3-to-1 / double-cross,3-to-1,slot1,1,matched_control,1,1,0.268,,0.295513340078,,1,1,1
development,laboratory,waterpump,WP-D1,cross_sensor_and_condition,double-cross,3-to-1 / double-cross,3-to-1,slot2,2,channel_robust_alignment_v1,1,1,0.130666666667,,0.145677818401,,1,1,1
development,laboratory,waterpump,WP-D1,cross_sensor_and_condition,double-cross,3-to-1 / double-cross,3-to-1,slot2,2,channel_robust_alignment_v2a,1,1,0.146666666667,,0.15489224331,,1,2,2
development,laboratory,waterpump,WP-D1,cross_sensor_and_condition,double-cross,3-to-1 / double-cross,3-to-1,slot2,2,common_anchor_control,1,1,0.186666666667,,0.195043930428,,0,0,0
development,laboratory,waterpump,WP-D1,cross_sensor_and_condition,double-cross,3-to-1 / double-cross,3-to-1,slot2,2,matched_control,1,1,0.273333333333,,0.275331051311,,0,0,0
development,laboratory,waterpump,WP-D1,cross_sensor_and_condition,double-cross,3-to-3 / double-cross,3-to-3,all3,"0,1,2",channel_robust_alignment_v1,1,1,0.305333333333,,0.286988209003,,1,2,2
development,laboratory,waterpump,WP-D1,cross_sensor_and_condition,double-cross,3-to-3 / double-cross,3-to-3,all3,"0,1,2",channel_robust_alignment_v2a,1,1,0.332,,0.309689691407,,1,2,2
development,laboratory,waterpump,WP-D1,cross_sensor_and_condition,double-cross,3-to-3 / double-cross,3-to-3,all3,"0,1,2",common_anchor_control,1,1,0.316,,0.297138130687,,1,2,2
development,laboratory,waterpump,WP-D1,cross_sensor_and_condition,double-cross,3-to-3 / double-cross,3-to-3,all3,"0,1,2",matched_control,1,1,0.386666666667,,0.342902445174,,1,1,1
development,laboratory,waterpump,WP-S0,same_condition_cross_sensor,same-condition cross-sensor,3-to-1 / same-condition cross-sensor,3-to-1,slot0,0,channel_robust_alignment_v1,1,1,0.618666666667,,0.595688109163,,0,0,0
development,laboratory,waterpump,WP-S0,same_condition_cross_sensor,same-condition cross-sensor,3-to-1 / same-condition cross-sensor,3-to-1,slot0,0,channel_robust_alignment_v2a,1,1,0.668,,0.647829322978,,0,0,0
development,laboratory,waterpump,WP-S0,same_condition_cross_sensor,same-condition cross-sensor,3-to-1 / same-condition cross-sensor,3-to-1,slot0,0,common_anchor_control,1,1,0.654666666667,,0.635810185993,,0,0,0
development,laboratory,waterpump,WP-S0,same_condition_cross_sensor,same-condition cross-sensor,3-to-1 / same-condition cross-sensor,3-to-1,slot0,0,matched_control,1,1,0.650666666667,,0.637814583359,,0,0,0
development,laboratory,waterpump,WP-S0,same_condition_cross_sensor,same-condition cross-sensor,3-to-1 / same-condition cross-sensor,3-to-1,slot1,1,channel_robust_alignment_v1,1,1,0.489333333333,,0.48091165318,,0,0,0
development,laboratory,waterpump,WP-S0,same_condition_cross_sensor,same-condition cross-sensor,3-to-1 / same-condition cross-sensor,3-to-1,slot1,1,channel_robust_alignment_v2a,1,1,0.492,,0.497050057198,,0,0,0
development,laboratory,waterpump,WP-S0,same_condition_cross_sensor,same-condition cross-sensor,3-to-1 / same-condition cross-sensor,3-to-1,slot1,1,common_anchor_control,1,1,0.529333333333,,0.519825618699,,0,0,0
development,laboratory,waterpump,WP-S0,same_condition_cross_sensor,same-condition cross-sensor,3-to-1 / same-condition cross-sensor,3-to-1,slot1,1,matched_control,1,1,0.586666666667,,0.570363380672,,0,0,0
development,laboratory,waterpump,WP-S0,same_condition_cross_sensor,same-condition cross-sensor,3-to-1 / same-condition cross-sensor,3-to-1,slot2,2,channel_robust_alignment_v1,1,1,0.641333333333,,0.613004358797,,0,0,0
development,laboratory,waterpump,WP-S0,same_condition_cross_sensor,same-condition cross-sensor,3-to-1 / same-condition cross-sensor,3-to-1,slot2,2,channel_robust_alignment_v2a,1,1,0.665333333333,,0.629727158986,,0,0,0
development,laboratory,waterpump,WP-S0,same_condition_cross_sensor,same-condition cross-sensor,3-to-1 / same-condition cross-sensor,3-to-1,slot2,2,common_anchor_control,1,1,0.649333333333,,0.619028248033,,0,0,0
development,laboratory,waterpump,WP-S0,same_condition_cross_sensor,same-condition cross-sensor,3-to-1 / same-condition cross-sensor,3-to-1,slot2,2,matched_control,1,1,0.624,,0.603960375244,,0,0,0
development,laboratory,waterpump,WP-S0,same_condition_cross_sensor,same-condition cross-sensor,3-to-3 / same-condition cross-sensor,3-to-3,all3,"0,1,2",channel_robust_alignment_v1,1,1,0.622666666667,,0.601482226742,,0,0,0
development,laboratory,waterpump,WP-S0,same_condition_cross_sensor,same-condition cross-sensor,3-to-3 / same-condition cross-sensor,3-to-3,all3,"0,1,2",channel_robust_alignment_v2a,1,1,0.632,,0.610211980877,,0,0,0
development,laboratory,waterpump,WP-S0,same_condition_cross_sensor,same-condition cross-sensor,3-to-3 / same-condition cross-sensor,3-to-3,all3,"0,1,2",common_anchor_control,1,1,0.634666666667,,0.613842303722,,0,0,0
development,laboratory,waterpump,WP-S0,same_condition_cross_sensor,same-condition cross-sensor,3-to-3 / same-condition cross-sensor,3-to-3,all3,"0,1,2",matched_control,1,1,0.689333333333,,0.671259237917,,0,0,0
