evidence_tier,dataset_role,dataset,task,family,family_label,scenario,channel_setting,target_view,target_slots,seed,comparison,candidate,control,candidate_accuracy,control_accuracy,accuracy_delta,candidate_macro_f1,control_macro_f1,macro_f1_delta,jointly_improved,new_zero_recall
development,laboratory,gearbox,PG-D1,cross_sensor_and_condition,double-cross,3-to-1 / double-cross,3-to-1,slot0,0,42,paired_causal,channel_robust_alignment_v2a,common_anchor_control,0.39,0.42,-0.03,0.351743533094,0.391814229573,-0.0400706964787,False,False
development,laboratory,gearbox,PG-D1,cross_sensor_and_condition,double-cross,3-to-1 / double-cross,3-to-1,slot1,1,42,paired_causal,channel_robust_alignment_v2a,common_anchor_control,0.57,0.59,-0.02,0.5525,0.580524193548,-0.0280241935484,False,True
development,laboratory,gearbox,PG-D1,cross_sensor_and_condition,double-cross,3-to-1 / double-cross,3-to-1,slot2,2,42,paired_causal,channel_robust_alignment_v2a,common_anchor_control,0.72,0.72,0,0.71312129503,0.71312129503,0,False,False
development,laboratory,gearbox,PG-D1,cross_sensor_and_condition,double-cross,3-to-3 / double-cross,3-to-3,all3,"0,1,2",42,paired_causal,channel_robust_alignment_v2a,common_anchor_control,0.62,0.62,0,0.588628985292,0.588628985292,0,False,False
development,laboratory,gearbox,PG-S1,same_condition_cross_sensor,same-condition cross-sensor,3-to-1 / same-condition cross-sensor,3-to-1,slot0,0,42,paired_causal,channel_robust_alignment_v2a,common_anchor_control,0.8,0.76,0.04,0.796529626343,0.761773645628,0.0347559807148,True,False
development,laboratory,gearbox,PG-S1,same_condition_cross_sensor,same-condition cross-sensor,3-to-1 / same-condition cross-sensor,3-to-1,slot1,1,42,paired_causal,channel_robust_alignment_v2a,common_anchor_control,0.52,0.5,0.02,0.507036133435,0.475057637492,0.0319784959438,True,False
development,laboratory,gearbox,PG-S1,same_condition_cross_sensor,same-condition cross-sensor,3-to-1 / same-condition cross-sensor,3-to-1,slot2,2,42,paired_causal,channel_robust_alignment_v2a,common_anchor_control,0.33,0.28,0.05,0.335020242915,0.2995951417,0.0354251012146,True,False
development,laboratory,gearbox,PG-S1,same_condition_cross_sensor,same-condition cross-sensor,3-to-3 / same-condition cross-sensor,3-to-3,all3,"0,1,2",42,paired_causal,channel_robust_alignment_v2a,common_anchor_control,0.71,0.71,0,0.720686986077,0.720686986077,0,False,False
development,laboratory,waterpump,WP-D1,cross_sensor_and_condition,double-cross,3-to-1 / double-cross,3-to-1,slot0,0,42,paired_causal,channel_robust_alignment_v2a,common_anchor_control,0.330666666667,0.445333333333,-0.114666666667,0.301809250164,0.386245496654,-0.0844362464891,False,False
development,laboratory,waterpump,WP-D1,cross_sensor_and_condition,double-cross,3-to-1 / double-cross,3-to-1,slot1,1,42,paired_causal,channel_robust_alignment_v2a,common_anchor_control,0.248,0.213333333333,0.0346666666667,0.258454947466,0.236661940324,0.0217930071421,True,False
development,laboratory,waterpump,WP-D1,cross_sensor_and_condition,double-cross,3-to-1 / double-cross,3-to-1,slot2,2,42,paired_causal,channel_robust_alignment_v2a,common_anchor_control,0.146666666667,0.186666666667,-0.04,0.15489224331,0.195043930428,-0.0401516871178,False,True
development,laboratory,waterpump,WP-D1,cross_sensor_and_condition,double-cross,3-to-3 / double-cross,3-to-3,all3,"0,1,2",42,paired_causal,channel_robust_alignment_v2a,common_anchor_control,0.332,0.316,0.016,0.309689691407,0.297138130687,0.0125515607205,True,False
development,laboratory,waterpump,WP-S0,same_condition_cross_sensor,same-condition cross-sensor,3-to-1 / same-condition cross-sensor,3-to-1,slot0,0,42,paired_causal,channel_robust_alignment_v2a,common_anchor_control,0.668,0.654666666667,0.0133333333333,0.647829322978,0.635810185993,0.0120191369846,True,False
development,laboratory,waterpump,WP-S0,same_condition_cross_sensor,same-condition cross-sensor,3-to-1 / same-condition cross-sensor,3-to-1,slot1,1,42,paired_causal,channel_robust_alignment_v2a,common_anchor_control,0.492,0.529333333333,-0.0373333333333,0.497050057198,0.519825618699,-0.0227755615005,False,False
development,laboratory,waterpump,WP-S0,same_condition_cross_sensor,same-condition cross-sensor,3-to-1 / same-condition cross-sensor,3-to-1,slot2,2,42,paired_causal,channel_robust_alignment_v2a,common_anchor_control,0.665333333333,0.649333333333,0.016,0.629727158986,0.619028248033,0.0106989109527,True,False
development,laboratory,waterpump,WP-S0,same_condition_cross_sensor,same-condition cross-sensor,3-to-3 / same-condition cross-sensor,3-to-3,all3,"0,1,2",42,paired_causal,channel_robust_alignment_v2a,common_anchor_control,0.632,0.634666666667,-0.00266666666667,0.610211980877,0.613842303722,-0.00363032284503,False,False
development,laboratory,gearbox,PG-D1,cross_sensor_and_condition,double-cross,3-to-1 / double-cross,3-to-1,slot0,0,42,frozen_v4_reference,channel_robust_alignment_v2a,matched_control,0.39,0.39,0,0.351743533094,0.368026355715,-0.0162828226215,False,False
development,laboratory,gearbox,PG-D1,cross_sensor_and_condition,double-cross,3-to-1 / double-cross,3-to-1,slot1,1,42,frozen_v4_reference,channel_robust_alignment_v2a,matched_control,0.57,0.62,-0.05,0.5525,0.562810720419,-0.0103107204194,False,False
development,laboratory,gearbox,PG-D1,cross_sensor_and_condition,double-cross,3-to-1 / double-cross,3-to-1,slot2,2,42,frozen_v4_reference,channel_robust_alignment_v2a,matched_control,0.72,0.68,0.04,0.71312129503,0.6295995671,0.0835217279301,True,False
development,laboratory,gearbox,PG-D1,cross_sensor_and_condition,double-cross,3-to-3 / double-cross,3-to-3,all3,"0,1,2",42,frozen_v4_reference,channel_robust_alignment_v2a,matched_control,0.62,0.66,-0.04,0.588628985292,0.598390739695,-0.00976175440334,False,False
development,laboratory,gearbox,PG-S1,same_condition_cross_sensor,same-condition cross-sensor,3-to-1 / same-condition cross-sensor,3-to-1,slot0,0,42,frozen_v4_reference,channel_robust_alignment_v2a,matched_control,0.8,0.44,0.36,0.796529626343,0.362162162162,0.434367464181,True,False
development,laboratory,gearbox,PG-S1,same_condition_cross_sensor,same-condition cross-sensor,3-to-1 / same-condition cross-sensor,3-to-1,slot1,1,42,frozen_v4_reference,channel_robust_alignment_v2a,matched_control,0.52,0.36,0.16,0.507036133435,0.305499325236,0.201536808199,True,False
development,laboratory,gearbox,PG-S1,same_condition_cross_sensor,same-condition cross-sensor,3-to-1 / same-condition cross-sensor,3-to-1,slot2,2,42,frozen_v4_reference,channel_robust_alignment_v2a,matched_control,0.33,0.18,0.15,0.335020242915,0.15697586727,0.178044375645,True,False
development,laboratory,gearbox,PG-S1,same_condition_cross_sensor,same-condition cross-sensor,3-to-3 / same-condition cross-sensor,3-to-3,all3,"0,1,2",42,frozen_v4_reference,channel_robust_alignment_v2a,matched_control,0.71,0.42,0.29,0.720686986077,0.357060185185,0.363626800892,True,False
development,laboratory,waterpump,WP-D1,cross_sensor_and_condition,double-cross,3-to-1 / double-cross,3-to-1,slot0,0,42,frozen_v4_reference,channel_robust_alignment_v2a,matched_control,0.330666666667,0.444,-0.113333333333,0.301809250164,0.391389846092,-0.0895805959273,False,False
development,laboratory,waterpump,WP-D1,cross_sensor_and_condition,double-cross,3-to-1 / double-cross,3-to-1,slot1,1,42,frozen_v4_reference,channel_robust_alignment_v2a,matched_control,0.248,0.268,-0.02,0.258454947466,0.295513340078,-0.037058392612,False,False
development,laboratory,waterpump,WP-D1,cross_sensor_and_condition,double-cross,3-to-1 / double-cross,3-to-1,slot2,2,42,frozen_v4_reference,channel_robust_alignment_v2a,matched_control,0.146666666667,0.273333333333,-0.126666666667,0.15489224331,0.275331051311,-0.120438808001,False,True
development,laboratory,waterpump,WP-D1,cross_sensor_and_condition,double-cross,3-to-3 / double-cross,3-to-3,all3,"0,1,2",42,frozen_v4_reference,channel_robust_alignment_v2a,matched_control,0.332,0.386666666667,-0.0546666666667,0.309689691407,0.342902445174,-0.0332127537673,False,False
development,laboratory,waterpump,WP-S0,same_condition_cross_sensor,same-condition cross-sensor,3-to-1 / same-condition cross-sensor,3-to-1,slot0,0,42,frozen_v4_reference,channel_robust_alignment_v2a,matched_control,0.668,0.650666666667,0.0173333333333,0.647829322978,0.637814583359,0.0100147396187,True,False
development,laboratory,waterpump,WP-S0,same_condition_cross_sensor,same-condition cross-sensor,3-to-1 / same-condition cross-sensor,3-to-1,slot1,1,42,frozen_v4_reference,channel_robust_alignment_v2a,matched_control,0.492,0.586666666667,-0.0946666666667,0.497050057198,0.570363380672,-0.073313323474,False,False
development,laboratory,waterpump,WP-S0,same_condition_cross_sensor,same-condition cross-sensor,3-to-1 / same-condition cross-sensor,3-to-1,slot2,2,42,frozen_v4_reference,channel_robust_alignment_v2a,matched_control,0.665333333333,0.624,0.0413333333333,0.629727158986,0.603960375244,0.0257667837421,True,False
development,laboratory,waterpump,WP-S0,same_condition_cross_sensor,same-condition cross-sensor,3-to-3 / same-condition cross-sensor,3-to-3,all3,"0,1,2",42,frozen_v4_reference,channel_robust_alignment_v2a,matched_control,0.632,0.689333333333,-0.0573333333333,0.610211980877,0.671259237917,-0.06104725704,False,False
