result_kind,source_id,evidence_tier,dataset,task,scenario,target_view,variant,seed,zero_recall_count,num_classes,snr_db,noise_seed
clean,v2a_seed42_development,development,waterpump,WP-S0,3-to-3 / same-condition cross-sensor,all3,common_anchor_control,42,0,5,clean,
clean,v2a_seed42_development,development,waterpump,WP-S0,3-to-3 / same-condition cross-sensor,all3,channel_robust_alignment_v2a,42,0,5,clean,
clean,v2a_seed42_development,development,waterpump,WP-S0,3-to-1 / same-condition cross-sensor,slot0,common_anchor_control,42,0,5,clean,
clean,v2a_seed42_development,development,waterpump,WP-S0,3-to-1 / same-condition cross-sensor,slot0,channel_robust_alignment_v2a,42,0,5,clean,
clean,v2a_seed42_development,development,waterpump,WP-S0,3-to-1 / same-condition cross-sensor,slot1,common_anchor_control,42,0,5,clean,
clean,v2a_seed42_development,development,waterpump,WP-S0,3-to-1 / same-condition cross-sensor,slot1,channel_robust_alignment_v2a,42,0,5,clean,
clean,v2a_seed42_development,development,waterpump,WP-S0,3-to-1 / same-condition cross-sensor,slot2,common_anchor_control,42,0,5,clean,
clean,v2a_seed42_development,development,waterpump,WP-S0,3-to-1 / same-condition cross-sensor,slot2,channel_robust_alignment_v2a,42,0,5,clean,
clean,v2a_seed42_development,development,waterpump,WP-D1,3-to-3 / double-cross,all3,common_anchor_control,42,2,5,clean,
clean,v2a_seed42_development,development,waterpump,WP-D1,3-to-3 / double-cross,all3,channel_robust_alignment_v2a,42,2,5,clean,
clean,v2a_seed42_development,development,waterpump,WP-D1,3-to-1 / double-cross,slot0,common_anchor_control,42,0,5,clean,
clean,v2a_seed42_development,development,waterpump,WP-D1,3-to-1 / double-cross,slot0,channel_robust_alignment_v2a,42,0,5,clean,
clean,v2a_seed42_development,development,waterpump,WP-D1,3-to-1 / double-cross,slot1,common_anchor_control,42,1,5,clean,
clean,v2a_seed42_development,development,waterpump,WP-D1,3-to-1 / double-cross,slot1,channel_robust_alignment_v2a,42,1,5,clean,
clean,v2a_seed42_development,development,waterpump,WP-D1,3-to-1 / double-cross,slot2,common_anchor_control,42,0,5,clean,
clean,v2a_seed42_development,development,waterpump,WP-D1,3-to-1 / double-cross,slot2,channel_robust_alignment_v2a,42,2,5,clean,
clean,v2a_seed42_development,development,gearbox,PG-S1,3-to-3 / same-condition cross-sensor,all3,common_anchor_control,42,0,4,clean,
clean,v2a_seed42_development,development,gearbox,PG-S1,3-to-3 / same-condition cross-sensor,all3,channel_robust_alignment_v2a,42,0,4,clean,
clean,v2a_seed42_development,development,gearbox,PG-S1,3-to-1 / same-condition cross-sensor,slot0,common_anchor_control,42,0,4,clean,
clean,v2a_seed42_development,development,gearbox,PG-S1,3-to-1 / same-condition cross-sensor,slot0,channel_robust_alignment_v2a,42,0,4,clean,
clean,v2a_seed42_development,development,gearbox,PG-S1,3-to-1 / same-condition cross-sensor,slot1,common_anchor_control,42,0,4,clean,
clean,v2a_seed42_development,development,gearbox,PG-S1,3-to-1 / same-condition cross-sensor,slot1,channel_robust_alignment_v2a,42,0,4,clean,
clean,v2a_seed42_development,development,gearbox,PG-S1,3-to-1 / same-condition cross-sensor,slot2,common_anchor_control,42,0,4,clean,
clean,v2a_seed42_development,development,gearbox,PG-S1,3-to-1 / same-condition cross-sensor,slot2,channel_robust_alignment_v2a,42,0,4,clean,
clean,v2a_seed42_development,development,gearbox,PG-D1,3-to-3 / double-cross,all3,common_anchor_control,42,0,4,clean,
clean,v2a_seed42_development,development,gearbox,PG-D1,3-to-3 / double-cross,all3,channel_robust_alignment_v2a,42,0,4,clean,
clean,v2a_seed42_development,development,gearbox,PG-D1,3-to-1 / double-cross,slot0,common_anchor_control,42,0,4,clean,
clean,v2a_seed42_development,development,gearbox,PG-D1,3-to-1 / double-cross,slot0,channel_robust_alignment_v2a,42,0,4,clean,
clean,v2a_seed42_development,development,gearbox,PG-D1,3-to-1 / double-cross,slot1,common_anchor_control,42,0,4,clean,
clean,v2a_seed42_development,development,gearbox,PG-D1,3-to-1 / double-cross,slot1,channel_robust_alignment_v2a,42,1,4,clean,
clean,v2a_seed42_development,development,gearbox,PG-D1,3-to-1 / double-cross,slot2,common_anchor_control,42,0,4,clean,
clean,v2a_seed42_development,development,gearbox,PG-D1,3-to-1 / double-cross,slot2,channel_robust_alignment_v2a,42,0,4,clean,
clean,v4_frozen_reference_development,development,waterpump,WP-S0,3-to-3 / same-condition cross-sensor,all3,matched_control,42,0,5,clean,
clean,v4_frozen_reference_development,development,waterpump,WP-S0,3-to-3 / same-condition cross-sensor,all3,channel_robust_alignment_v1,42,0,5,clean,
clean,v4_frozen_reference_development,development,waterpump,WP-S0,3-to-1 / same-condition cross-sensor,slot0,matched_control,42,0,5,clean,
clean,v4_frozen_reference_development,development,waterpump,WP-S0,3-to-1 / same-condition cross-sensor,slot0,channel_robust_alignment_v1,42,0,5,clean,
clean,v4_frozen_reference_development,development,waterpump,WP-S0,3-to-1 / same-condition cross-sensor,slot1,matched_control,42,0,5,clean,
clean,v4_frozen_reference_development,development,waterpump,WP-S0,3-to-1 / same-condition cross-sensor,slot1,channel_robust_alignment_v1,42,0,5,clean,
clean,v4_frozen_reference_development,development,waterpump,WP-S0,3-to-1 / same-condition cross-sensor,slot2,matched_control,42,0,5,clean,
clean,v4_frozen_reference_development,development,waterpump,WP-S0,3-to-1 / same-condition cross-sensor,slot2,channel_robust_alignment_v1,42,0,5,clean,
clean,v4_frozen_reference_development,development,waterpump,WP-D1,3-to-3 / double-cross,all3,matched_control,42,1,5,clean,
clean,v4_frozen_reference_development,development,waterpump,WP-D1,3-to-3 / double-cross,all3,channel_robust_alignment_v1,42,2,5,clean,
clean,v4_frozen_reference_development,development,waterpump,WP-D1,3-to-1 / double-cross,slot0,matched_control,42,0,5,clean,
clean,v4_frozen_reference_development,development,waterpump,WP-D1,3-to-1 / double-cross,slot0,channel_robust_alignment_v1,42,0,5,clean,
clean,v4_frozen_reference_development,development,waterpump,WP-D1,3-to-1 / double-cross,slot1,matched_control,42,1,5,clean,
clean,v4_frozen_reference_development,development,waterpump,WP-D1,3-to-1 / double-cross,slot1,channel_robust_alignment_v1,42,1,5,clean,
clean,v4_frozen_reference_development,development,waterpump,WP-D1,3-to-1 / double-cross,slot2,matched_control,42,0,5,clean,
clean,v4_frozen_reference_development,development,waterpump,WP-D1,3-to-1 / double-cross,slot2,channel_robust_alignment_v1,42,1,5,clean,
clean,v4_frozen_reference_development,development,gearbox,PG-S1,3-to-3 / same-condition cross-sensor,all3,matched_control,42,2,4,clean,
clean,v4_frozen_reference_development,development,gearbox,PG-S1,3-to-3 / same-condition cross-sensor,all3,channel_robust_alignment_v1,42,0,4,clean,
clean,v4_frozen_reference_development,development,gearbox,PG-S1,3-to-1 / same-condition cross-sensor,slot0,matched_control,42,2,4,clean,
clean,v4_frozen_reference_development,development,gearbox,PG-S1,3-to-1 / same-condition cross-sensor,slot0,channel_robust_alignment_v1,42,0,4,clean,
clean,v4_frozen_reference_development,development,gearbox,PG-S1,3-to-1 / same-condition cross-sensor,slot1,matched_control,42,2,4,clean,
clean,v4_frozen_reference_development,development,gearbox,PG-S1,3-to-1 / same-condition cross-sensor,slot1,channel_robust_alignment_v1,42,0,4,clean,
clean,v4_frozen_reference_development,development,gearbox,PG-S1,3-to-1 / same-condition cross-sensor,slot2,matched_control,42,1,4,clean,
clean,v4_frozen_reference_development,development,gearbox,PG-S1,3-to-1 / same-condition cross-sensor,slot2,channel_robust_alignment_v1,42,0,4,clean,
clean,v4_frozen_reference_development,development,gearbox,PG-D1,3-to-3 / double-cross,all3,matched_control,42,1,4,clean,
clean,v4_frozen_reference_development,development,gearbox,PG-D1,3-to-3 / double-cross,all3,channel_robust_alignment_v1,42,1,4,clean,
clean,v4_frozen_reference_development,development,gearbox,PG-D1,3-to-1 / double-cross,slot0,matched_control,42,1,4,clean,
clean,v4_frozen_reference_development,development,gearbox,PG-D1,3-to-1 / double-cross,slot0,channel_robust_alignment_v1,42,2,4,clean,
clean,v4_frozen_reference_development,development,gearbox,PG-D1,3-to-1 / double-cross,slot1,matched_control,42,1,4,clean,
clean,v4_frozen_reference_development,development,gearbox,PG-D1,3-to-1 / double-cross,slot1,channel_robust_alignment_v1,42,1,4,clean,
clean,v4_frozen_reference_development,development,gearbox,PG-D1,3-to-1 / double-cross,slot2,matched_control,42,0,4,clean,
clean,v4_frozen_reference_development,development,gearbox,PG-D1,3-to-1 / double-cross,slot2,channel_robust_alignment_v1,42,0,4,clean,
