目标,覆盖状态,当前证据,验收判断,主要限制
3通道到3通道同工况跨测点,已覆盖,"水泵/实验室齿轮箱/SEU；Ridge、原参考、CRA-v2A",系统评估完成,"CRA-v2A未统一超过共同锚控制"
3通道到3通道跨工况或双跨,已覆盖,"只跨工况与测点加工况双跨；逐类混淆矩阵",系统评估完成,"水泵双跨仍弱"
3通道到1通道逐目标槽,已覆盖,"slot0/1/2共用结构和代码、分别训练评估",系统评估完成,"槽间差异大；不存在通用权重主张"
噪声鲁棒性,已覆盖,"clean/20/10/0 dB AWGN与校准失配",受控验证完成,"0 dB明显退化；未覆盖色噪声和独立采集"
严格无监督信息边界,已覆盖,"目标训练标签-1；源侧选模；先封存后开发评分",通过,"历史开发集反复用于研究"
新模型完整性,已覆盖,"4锚点+32分支+32开发评分；独立审计",通过,"完整性不等于性能"
新模型性能门,已覆盖,"7/16共同提高；Acc -0.34pp；F1 -0.37pp；双跨F1 -1.98pp",未通过,"不得晋级多种子、噪声或final"
强基线可运行交付,已覆盖,"Ridge/RBF模型、推理脚本、模型清单与哈希",通过,"基线不是新算法"
公开数据补充验证,已覆盖,"SEU两工况、七振动通道中的齿轮箱任务",部分通过,"是SEU内部迁移，不是实验室到SEU跨数据集迁移"
论文发表定位,已覆盖,"完整实验主线、表格、图、失败边界和限制",系统评估型可写,"正向高性能新方法证据不足"
